{"cameraMode":{"drawMode":0,"name":"Shaded","section":"Shading Mode"},"sceneLighting":false,"audioPlay":false,"sceneViewState":{"showFog":true,"showMaterialUpdate":false,"showSkybox":false,"showFlares":true,"showImageEffects":true,"showParticleSystems":true},"in2DMode":false,"pivot":{"x":7.9159650802612309,"y":1.1699999570846558,"z":5.914573669433594},"rotation":{"x":-0.11548738926649094,"y":0.8146940469741821,"z":-0.1739097386598587,"w":-0.5410100221633911},"size":2.94399094581604,"orthographic":false}