{"cameraMode":{"drawMode":0,"name":"Shaded","section":"Shading Mode"},"sceneLighting":false,"audioPlay":false,"sceneViewState":{"showFog":true,"showMaterialUpdate":false,"showSkybox":false,"showFlares":true,"showImageEffects":true,"showParticleSystems":true},"in2DMode":false,"pivot":{"x":-9.950142860412598,"y":2.9729678630828859,"z":22.117534637451173},"rotation":{"x":-0.16930708289146424,"y":0.6655685305595398,"z":-0.15886718034744264,"w":-0.7093058824539185},"size":14.330770492553711,"orthographic":false}