{"cameraMode":{"drawMode":0,"name":"Shaded","section":"Shading Mode"},"sceneLighting":true,"audioPlay":false,"sceneViewState":{"showFog":true,"showMaterialUpdate":false,"showSkybox":true,"showFlares":true,"showImageEffects":true,"showParticleSystems":true},"in2DMode":false,"pivot":{"x":7.371660232543945,"y":17.74221420288086,"z":32.47916030883789},"rotation":{"x":-0.012167801149189473,"y":0.9443108439445496,"z":-0.3269463777542114,"w":-0.03514416143298149},"size":10.192686080932618,"orthographic":false}