{"cameraMode":{"drawMode":0,"name":"Shaded","section":"Shading Mode"},"sceneLighting":true,"audioPlay":false,"sceneViewState":{"showFog":true,"showMaterialUpdate":false,"showSkybox":true,"showFlares":true,"showImageEffects":true,"showParticleSystems":true},"in2DMode":false,"pivot":{"x":-700.0567626953125,"y":232.34474182128907,"z":-469.0974426269531},"rotation":{"x":0.026953166350722314,"y":0.8634757995605469,"z":0.04640517383813858,"w":-0.5015274286270142},"size":1286.353271484375,"orthographic":false}