{"cameraMode":{"drawMode":0,"name":"Shaded","section":"Shading Mode"},"sceneLighting":false,"audioPlay":false,"sceneViewState":{"showFog":true,"showMaterialUpdate":false,"showSkybox":false,"showFlares":true,"showImageEffects":true,"showParticleSystems":true},"in2DMode":false,"pivot":{"x":8.784515380859375,"y":1.2899999618530274,"z":7.6893391609191898},"rotation":{"x":-0.11548738926649094,"y":0.8146940469741821,"z":-0.1739097386598587,"w":-0.5410100221633911},"size":2.853790521621704,"orthographic":false}