{"cameraMode":{"drawMode":0,"name":"Shaded","section":"Shading Mode"},"sceneLighting":false,"audioPlay":false,"sceneViewState":{"showFog":true,"showMaterialUpdate":false,"showSkybox":false,"showFlares":true,"showImageEffects":true,"showParticleSystems":true},"in2DMode":false,"pivot":{"x":7.584251880645752,"y":1.1670000553131104,"z":3.6087658405303957},"rotation":{"x":-0.11548738926649094,"y":0.8146940469741821,"z":-0.1739097386598587,"w":-0.5410100221633911},"size":2.890110969543457,"orthographic":false}